{"cameraMode":{"drawMode":0,"name":"Shaded","section":"Shading Mode"},"sceneLighting":false,"audioPlay":false,"sceneViewState":{"showFog":true,"showMaterialUpdate":false,"showSkybox":true,"showFlares":true,"showImageEffects":true,"showParticleSystems":true},"in2DMode":false,"pivot":{"x":0.5107473731040955,"y":0.6095780730247498,"z":0.14062833786010743},"rotation":{"x":0.06885051727294922,"y":-0.10753671079874039,"z":0.007465749513357878,"w":0.9917885065078735},"size":4.0578837394714359,"orthographic":false}