{"cameraMode":{"drawMode":0,"name":"Shaded","section":"Shading Mode"},"sceneLighting":false,"audioPlay":false,"sceneViewState":{"showFog":true,"showMaterialUpdate":false,"showSkybox":true,"showFlares":true,"showImageEffects":true,"showParticleSystems":true},"in2DMode":false,"pivot":{"x":0.8085653185844421,"y":3.280651092529297,"z":0.17040634155273438},"rotation":{"x":0.03179498016834259,"y":0.023980513215065004,"z":-0.000762505573220551,"w":0.999208390712738},"size":11.976299285888672,"orthographic":false}